SALE TYPE,HOME TYPE,ADDRESS,CITY,STATE,ZIP,LIST PRICE,BEDS,BATHS,LOCATION,SQFT,LOT SIZE,YEAR BUILT,PARKING SPOTS,PARKING TYPE,DAYS ON MARKET,STATUS,NEXT OPEN HOUSE DATE,NEXT OPEN HOUSE START TIME,NEXT OPEN HOUSE END TIME,RECENT REDUCTION DATE,ORIGINAL LIST PRICE,LAST SALE DATE,LAST SALE PRICE,URL (SEE http://www.redfin.com/buy-a-home/comparative-market-analysis FOR INFO ON PRICING),SOURCE,LISTING ID,ORIGINAL SOURCE,FAVORITE,INTERESTED,LATITUDE,LONGITUDE,IS SHORT SALE
MLS Listing,Single Family Residential,9 Cedar Ln,Chappaqua,NY,10514,675000,4,2.5,Chappaqua,2141,54885,1951,2,Garage,3,Active,,,,,675000,,,http://www.redfin.com/NY/Chappaqua/9-Cedar-Ln-10514/home/20092638,"Hudson Gateway Multiple Listing Service, Inc.",4632970,"William Raveis-New York, LLC",N,Y,41.1855819,-73.774265,false
MLS Listing,Single Family Residential,1 Pond Hill Rd,Chappaqua,NY,10514,799000,3,3,Chappaqua,1580,37274,1951,2,Garage,3,Active,,,,,799000,2012-09-19,625000,http://www.redfin.com/NY/Chappaqua/1-Pond-Hill-Rd-10514/home/20089584,"Hudson Gateway Multiple Listing Service, Inc.",4632836,Douglas Elliman Real Estate,N,Y,41.165355,-73.783359,false
MLS Listing,Single Family Residential,8 Hunting Ridge Pl,Chappaqua,NY,10514,1180000,4,3.5,Chappaqua,4483,101494,1956,2,Garage,4,Active,,,,,1180000,,,http://www.redfin.com/NY/Chappaqua/8-Hunting-Ridge-Pl-10514/home/20092365,"Hudson Gateway Multiple Listing Service, Inc.",4632580,Houlihan Lawrence Inc.,N,Y,41.177824,-73.764721,false
MLS Listing,Single Family Residential,1272 Hardscrabble Rd,Chappaqua,NY,10514,1995000,4,5,Chappaqua,4560,123226,1867,2,Garage,5,Active,,,,,1995000,,,http://www.redfin.com/NY/Chappaqua/1272-Hardscrabble-Rd-10514/home/20092632,"Hudson Gateway Multiple Listing Service, Inc.",4625670,"William Raveis-New York, LLC",N,Y,41.18653,-73.78554,false
MLS Listing,Single Family Residential,79 Prospect Dr,Chappaqua,NY,10514,1149000,5,3.5,Chappaqua,3117,17031,1925,1,Garage,7,Active,,,,,1149000,,,http://www.redfin.com/NY/Chappaqua/79-Prospect-Dr-10514/home/20085865,"Hudson Gateway Multiple Listing Service, Inc.",4626912,"William Raveis-New York, LLC",N,Y,41.158752,-73.768768,false
MLS Listing,Single Family Residential,252 Quaker Rd,Chappaqua,NY,10514,849000,3,2.5,Chappaqua,1712,14035,1923,1,Garage,12,Active,,,,,849000,2011-01-03,690000,http://www.redfin.com/NY/Chappaqua/252-Quaker-Rd-10514/home/20087274,"Hudson Gateway Multiple Listing Service, Inc.",4630161,Douglas Elliman Real Estate,N,Y,41.162467,-73.77682,false
MLS Listing,Single Family Residential,90 Orchard Ridge Rd,Chappaqua,NY,10514,765000,4,2.5,Chappaqua,1672,9147,1928,1,Garage,12,Active,,,,,765000,2007-05-01,785000,http://www.redfin.com/NY/Chappaqua/90-Orchard-Ridge-Rd-10514/home/20089393,"Hudson Gateway Multiple Listing Service, Inc.",4631879,"William Raveis-New York, LLC",N,Y,41.163451,-73.766326,false
MLS Listing,Single Family Residential,763 Hardscrabble Rd,Chappaqua,NY,10514,1049000,4,3.5,Chappaqua,3963,194634,1972,2,Garage,12,Active,,,,,1049000,2011-12-05,908200,http://www.redfin.com/NY/Chappaqua/763-Hardscrabble-Rd-10514/home/20101139,"Hudson Gateway Multiple Listing Service, Inc.",4631455,"William Raveis-New York, LLC",N,Y,41.157809,-73.793514,false
MLS Listing,Single Family Residential,11 Boulder Trl,Chappaqua,NY,10514,1899000,5,4.5,Chappaqua,6495,40510,1995,3,Garage,13,Active,,,,,1899000,2007-01-05,2050000,http://www.redfin.com/NY/Chappaqua/11-Boulder-Trl-10514/home/20101573,"Hudson Gateway Multiple Listing Service, Inc.",4631444,"William Raveis-New York, LLC",N,Y,41.153412,-73.799693,false
MLS Listing,Condo/Coop,161 Birchwood Close,Chappaqua,NY,10514,340000,1,1,Chappaqua,860,34,1987,1,Garage,14,Active,,,,,340000,2014-01-23,290000,http://www.redfin.com/NY/Chappaqua/161-Birchwood-Close-10514/home/20089001,"Hudson Gateway Multiple Listing Service, Inc.",4631542,Coldwell Banker Res Brokerage,N,Y,41.150161,-73.765635,false
MLS Listing,Single Family Residential,5 Brittany Ct,Chappaqua,NY,10514,1169000,4,3.5,Chappaqua,5114,113256,1996,2,Garage,14,Active,,,,,1169000,2000-10-24,850000,http://www.redfin.com/NY/Chappaqua/5-Brittany-Ct-10514/home/20100940,"Hudson Gateway Multiple Listing Service, Inc.",4630236,Platinum Drive Realty Inc,N,Y,41.155856,-73.79488,false
MLS Listing,Single Family Residential,28 Lawrence Farms Crossway,Chappaqua,NY,10514,1299000,3,2.5,Chappaqua,2758,229561,1960,2,Garage,14,Active,,,,,1299000,,,http://www.redfin.com/NY/Chappaqua/28-Lawrence-Farms-Crossway-10514/home/20090706,"Hudson Gateway Multiple Listing Service, Inc.",4625846,Houlihan Lawrence Inc.,N,Y,41.189841,-73.764787,false
MLS Listing,Single Family Residential,58 Maple Ave,Chappaqua,NY,10514,399000,2,1,Chappaqua,711,12196,1930,0,,17,Active,,,,,399000,,,http://www.redfin.com/NY/Chappaqua/58-Maple-Ave-10514/home/20087941,"Hudson Gateway Multiple Listing Service, Inc.",4631147,Douglas Elliman Real Estate,N,Y,41.161033,-73.769889,false
MLS Listing,Single Family Residential,145 Ridgewood Ter,Chappaqua,NY,10514,660960,3,2.5,Chappaqua,1920,16339,1972,2,Garage,18,Active,,,,,660960,2009-11-17,674000,http://www.redfin.com/NY/Chappaqua/145-Ridgewood-Ter-10514/home/20087745,"Hudson Gateway Multiple Listing Service, Inc.",4627974,"William Raveis-New York, LLC",N,Y,41.156265,-73.76138,false
MLS Listing,Single Family Residential,501 Quaker Rd,Chappaqua,NY,10514,799000,3,3,Chappaqua,3260,55321,1962,2,Garage,18,Active,,,,,799000,2006-08-15,895000,http://www.redfin.com/NY/Chappaqua/501-Quaker-Rd-10514/home/20092356,"Hudson Gateway Multiple Listing Service, Inc.",4630933,Houlihan Lawrence Inc.,N,Y,41.178764,-73.776555,false
MLS Listing,Single Family Residential,52 North Way,Chappaqua,NY,10514,880013,4,2.5,Chappaqua,2762,87120,1960,2,Garage,19,Active,,,,,880013,,,http://www.redfin.com/NY/Chappaqua/52-North-Way-10514/home/20086839,"Hudson Gateway Multiple Listing Service, Inc.",4629939,Houlihan Lawrence Inc.,N,Y,41.171003,-73.761561,false
MLS Listing,Single Family Residential,38 Turner Dr,Chappaqua,NY,10514,869000,4,3,Chappaqua,3230,62726,1948,1,Garage,20,Active,,,,,869000,,,http://www.redfin.com/NY/Chappaqua/38-Turner-Dr-10514/home/20093367,"Hudson Gateway Multiple Listing Service, Inc.",4630348,Houlihan Lawrence Inc.,N,Y,41.198921,-73.773431,false
MLS Listing,Single Family Residential,34 Elizabeth St,Chappaqua,NY,10514,545000,3,1.5,Chappaqua,1879,21780,1930,1,Garage,20,Active,,,,,545000,,,http://www.redfin.com/NY/Chappaqua/34-Elizabeth-St-10514/home/20089625,"Hudson Gateway Multiple Listing Service, Inc.",4629334,"William Raveis-New York, LLC",N,Y,41.166042,-73.78712,false
MLS Listing,Single Family Residential,2 Dunbow Dr,Chappaqua,NY,10514,675000,3,2,Chappaqua,1533,28314,1952,2,Garage,21,Active,,,,,675000,2001-10-04,487000,http://www.redfin.com/NY/Chappaqua/2-Dunbow-Dr-10514/home/20089466,"Hudson Gateway Multiple Listing Service, Inc.",4628393,Houlihan Lawrence Inc.,N,Y,41.161842,-73.782961,false
MLS Listing,Single Family Residential,10 Berrybrook Cir,Chappaqua,NY,10514,1099000,4,4.5,Chappaqua,3598,128066,1977,2,Garage,28,Active,,,,,1099000,,,http://www.redfin.com/NY/Chappaqua/10-Berry-Brook-Cir-10514/home/20090750,"Hudson Gateway Multiple Listing Service, Inc.",4628455,Houlihan Lawrence Inc.,N,Y,41.1884,-73.76519,false
MLS Listing,Single Family Residential,49 Stornowaye St,Chappaqua,NY,10514,2499999,4,4,Chappaqua,5023,87991,1972,3,Garage,28,Active,,,,,2499999,2002-03-12,785000,http://www.redfin.com/NY/Chappaqua/49-Stornowaye-St-10514/home/20088982,"Hudson Gateway Multiple Listing Service, Inc.",4628207,Houlihan Lawrence Inc.,N,Y,41.163339,-73.747595,false
MLS Listing,Single Family Residential,9 Pebblebrook Way,Chappaqua,NY,10514,1300000,4,3,Chappaqua,3642,53143,1999,2,Garage,30,Active,,,,,1300000,2000-05-15,789500,http://www.redfin.com/NY/Chappaqua/9-Pebblebrook-Way-10514/home/20031665,"Hudson Gateway Multiple Listing Service, Inc.",4629196,Greater Metro Realty Group LLC,N,Y,41.154354,-73.800777,false
MLS Listing,Condo/Coop,150 N Bedford Rd Unit 4F,Chappaqua,NY,10514,339000,1,1,Chappaqua,980,34,1982,1,Garage,32,Active,,,,,339000,2004-10-21,325000,http://www.redfin.com/NY/Chappaqua/150-S-Bedford-Rd-10514/unit-4F/home/103502317,"Hudson Gateway Multiple Listing Service, Inc.",4628886,"William Raveis-New York, LLC",N,Y,41.156063,-73.767428,false
MLS Listing,Single Family Residential,10 Random Farms Dr,Chappaqua,NY,10514,1349000,4,3.5,Chappaqua,3300,25395,1994,2,Garage,33,Active,,,,,1349000,,,http://www.redfin.com/NY/Chappaqua/10-Random-Farms-Dr-10514/home/20093723,"Hudson Gateway Multiple Listing Service, Inc.",4625479,"William Raveis-New York, LLC",N,Y,41.207696,-73.784021,false
MLS Listing,Vacant Land,767 King St,Chappaqua,NY,10514,1395000,,,Chappaqua,,561924,,0,,34,Active,,,,,1395000,,,http://www.redfin.com/NY/Chappaqua/767-King-St-10514/home/40408572,"Hudson Gateway Multiple Listing Service, Inc.",4628392,Houlihan Lawrence Inc.,N,Y,41.1437528,-73.7513122,false
MLS Listing,Single Family Residential,15 Deerfield Rd,Chappaqua,NY,10514,1599000,5,4.5,Chappaqua,5130,54105,1973,2,Garage,35,Active,,,,,1599000,2015-07-22,1726450,http://www.redfin.com/NY/Chappaqua/15-Deerfield-Rd-10514/home/20090709,"Hudson Gateway Multiple Listing Service, Inc.",4626266,"William Raveis-New York, LLC",N,Y,41.189009,-73.766763,false
MLS Listing,Single Family Residential,979 King St,Chappaqua,NY,10514,1250000,3,2.5,Chappaqua,3600,50682,1800,2,Garage,35,Active,,,,,1250000,,,http://www.redfin.com/NY/Chappaqua/979-King-St-10514/home/20098151,"Hudson Gateway Multiple Listing Service, Inc.",4628247,Douglas Elliman Real Estate,N,Y,41.1352649,-73.7501039,false
MLS Listing,Single Family Residential,19 Chappaqua Mountain Rd,Chappaqua,NY,10514,799000,4,3,Chappaqua,2153,55321,1960,2,Garage,37,Active,,,,,799000,,,http://www.redfin.com/NY/Chappaqua/19-Chappaqua-Mountain-Rd-10514/home/20090212,"Hudson Gateway Multiple Listing Service, Inc.",4627825,Houlihan Lawrence Inc.,N,Y,41.170993,-73.774181,false
MLS Listing,Single Family Residential,27 Elm St,Chappaqua,NY,10514,679000,4,3.5,Chappaqua,2117,14200,1897,2,Garage,39,Active,,,,,679000,,,http://www.redfin.com/NY/Chappaqua/27-Elm-St-10514/home/20089245,"Hudson Gateway Multiple Listing Service, Inc.",4627255,RE/MAX Ace Realty,N,Y,41.157248,-73.764245,false
MLS Listing,Single Family Residential,9 By Way,Chappaqua,NY,10514,1500000,4,3.5,Chappaqua,3967,50324,1948,2,Garage,39,Active,,,,,1500000,2007-08-15,1950000,http://www.redfin.com/NY/Chappaqua/9-By-Way-10514/home/20092512,"Hudson Gateway Multiple Listing Service, Inc.",4627758,Houlihan Lawrence Inc.,N,Y,41.172399,-73.755581,false
MLS Listing,Condo/Coop,14 Pondview Close,Chappaqua,NY,10514,599000,3,2.5,Chappaqua,1648,26571,1978,1,Garage,39,Active,,,,,599000,2007-02-01,500000,http://www.redfin.com/NY/Chappaqua/14-Pondview-Close-10514/unit-40/home/20099487,"Hudson Gateway Multiple Listing Service, Inc.",4627707,Houlihan Lawrence Inc.,N,Y,41.1463081,-73.770726,false
MLS Listing,Condo/Coop,150 N Bedford Rd Unit 4D,Chappaqua,NY,10514,297000,1,1,Chappaqua,800,,1984,1,Garage,40,Active,,,,,297000,2002-07-24,235000,http://www.redfin.com/NY/Chappaqua/150-S-Bedford-Rd-10514/unit-4D/home/103496453,"Hudson Gateway Multiple Listing Service, Inc.",4627420,Coldwell Banker Res. Brokerage,N,Y,41.156063,-73.767428,false
MLS Listing,Single Family Residential,385 Roaring Brook Rd,Chappaqua,NY,10514,1199000,4,3.5,Chappaqua,3441,109096,1790,2,Garage,46,Active,,,,,1199000,,,http://www.redfin.com/NY/Chappaqua/385-Roaring-Brook-Rd-10514/home/20091030,"Hudson Gateway Multiple Listing Service, Inc.",4626268,Houlihan Lawrence Inc.,N,Y,41.182018,-73.771601,false
MLS Listing,Single Family Residential,260 Mill River Rd,Chappaqua,NY,10514,1149900,4,4.5,Chappaqua,3534,118047,2016,2,Garage,48,Active,,,,2016-07-21,1199900,2015-11-03,210000,http://www.redfin.com/NY/Chappaqua/260-Mill-River-Rd-10514/home/23097605,"Hudson Gateway Multiple Listing Service, Inc.",4626106,Keller Williams Realty Group,N,Y,41.151031,-73.783507,false
MLS Listing,Single Family Residential,258 Mill River Rd,Chappaqua,NY,10514,1300000,4,6,Chappaqua,3926,127630,2016,2,Garage,48,Active,,,,2016-07-21,1349900,2015-11-03,225000,http://www.redfin.com/NY/Chappaqua/258-Mill-River-Rd-10514/home/23097606,"Hudson Gateway Multiple Listing Service, Inc.",4626036,Keller Williams Realty Group,N,Y,41.15107,-73.783507,false
MLS Listing,Single Family Residential,1 Hayrake,Chappaqua,NY,10514,2295000,5,5.5,Chappaqua,7487,43995,1991,3,Garage,48,Active,,,,,2295000,1996-04-30,869000,http://www.redfin.com/NY/Chappaqua/1-Hayrake-Ln-10514/home/20092592,"Hudson Gateway Multiple Listing Service, Inc.",4625656,"William Raveis-New York, LLC",N,Y,41.185144,-73.77246,false
MLS Listing,Single Family Residential,64 Castle Rd,Chappaqua,NY,10514,649000,3,2.5,Chappaqua,1578,7527,1922,2,Garage,49,Active,2016-07-31,14:30,16:00,,649000,,,http://www.redfin.com/NY/Chappaqua/64-Castle-Rd-10514/home/20089413,"Hudson Gateway Multiple Listing Service, Inc.",4625510,"William Raveis-New York, LLC",N,Y,41.163246,-73.767962,false
MLS Listing,Single Family Residential,39 Dunbow Dr,Chappaqua,NY,10514,905000,4,2.5,Chappaqua,1890,13547,1964,2,Garage,50,Active,,,,,905000,,,http://www.redfin.com/NY/Chappaqua/39-Dunbow-Dr-10514/home/20087259,"Hudson Gateway Multiple Listing Service, Inc.",4624993,Douglas Elliman Real Estate,N,Y,41.1610124,-73.7836245,false
MLS Listing,Single Family Residential,481 Quaker Rd,Chappaqua,NY,10514,799000,3,3,Chappaqua,2845,45589,1960,2,Garage,52,Active,,,,,799000,2001-04-05,450000,http://www.redfin.com/NY/Chappaqua/481-Quaker-Rd-10514/home/20092374,"Hudson Gateway Multiple Listing Service, Inc.",4623591,Houlihan Lawrence Inc.,N,Y,41.1775499,-73.776855,false
MLS Listing,Single Family Residential,25 Annandale Dr,Chappaqua,NY,10514,1200000,5,4.5,Chappaqua,3289,,1952,2,Garage,53,Active,,,,,1200000,,,http://www.redfin.com/NY/Chappaqua/25-Annandale-Rd-10514/home/20090044,"Hudson Gateway Multiple Listing Service, Inc.",4625233,Houlihan Lawrence Inc.,N,Y,41.178699,-73.745875,false
MLS Listing,Single Family Residential,62 Hilltop Dr,Chappaqua,NY,10514,1750000,4,4.5,Chappaqua,5059,44866,1968,3,Garage,54,Active,,,,,1750000,1996-07-16,485000,http://www.redfin.com/NY/Chappaqua/62-Hilltop-Dr-10514/home/19994063,"Hudson Gateway Multiple Listing Service, Inc.",4605621,Houlihan Lawrence Inc.,N,Y,41.182866,-73.792477,false
MLS Listing,Single Family Residential,87 Valley Ln,Chappaqua,NY,10514,2300000,6,8.5,Chappaqua,7658,142441,1971,3,Garage,55,Active,,,,,2300000,,,http://www.redfin.com/NY/Chappaqua/87-Valley-Ln-10514/home/20092655,"Hudson Gateway Multiple Listing Service, Inc.",4624614,Houlihan Lawrence Inc.,N,Y,41.184241,-73.783781,false
MLS Listing,Single Family Residential,205 Mill River Rd,Chappaqua,NY,10514,664999,3,2.5,Chappaqua,2125,17319,1966,1,Garage,55,Active,,,,,664999,2007-02-08,530000,http://www.redfin.com/NY/Chappaqua/205-Mill-River-Rd-10514/home/20101546,"Hudson Gateway Multiple Listing Service, Inc.",4624472,"William Raveis-New York, LLC",N,Y,41.154274,-73.780255,false
MLS Listing,Single Family Residential,22 Kipp St,Chappaqua,NY,10514,715000,3,2.5,Chappaqua,1854,32234,1964,1,Garage,66,Active,,,,2016-07-07,739000,2010-04-27,740000,http://www.redfin.com/NY/Chappaqua/22-Kipp-St-10514/home/20089594,"Hudson Gateway Multiple Listing Service, Inc.",4622859,Houlihan Lawrence Inc.,N,Y,41.163504,-73.779852,false
MLS Listing,Single Family Residential,2 Commodore Rd,Chappaqua,NY,10514,1299000,4,3.5,Chappaqua,3082,36542,1937,2,Garage,67,Active,,,,,1299000,,,http://www.redfin.com/NY/Chappaqua/2-Commodore-Rd-10514/home/20090183,"Hudson Gateway Multiple Listing Service, Inc.",4622613,Houlihan Lawrence Inc.,N,Y,41.167599,-73.777605,false
MLS Listing,Single Family Residential,29 Begg Dr,Chappaqua,NY,10514,759000,3,2.5,Chappaqua,1991,18730,1934,1,Garage,67,Active,,,,2016-07-11,789000,2006-05-01,831000,http://www.redfin.com/NY/Chappaqua/29-Begg-Dr-10514/home/20085895,"Hudson Gateway Multiple Listing Service, Inc.",4622231,"William Raveis-New York, LLC",N,Y,41.161277,-73.780822,false
MLS Listing,Single Family Residential,76 Marcourt Dr,Chappaqua,NY,10514,1375000,4,2,Chappaqua,2260,268329,1950,0,,73,Active,,,,2016-07-08,1475000,1998-03-04,563500,http://www.redfin.com/NY/Chappaqua/76-Marcourt-Dr-10514/home/20087971,"Hudson Gateway Multiple Listing Service, Inc.",4620833,Houlihan Lawrence Inc.,N,Y,41.170019,-73.782,false
MLS Listing,Single Family Residential,21 Random Farms Cir,Chappaqua,NY,10514,1100000,4,3,Chappaqua,4318,54450,1988,2,Garage,73,Active,,,,,1100000,,,http://www.redfin.com/NY/Chappaqua/21-Random-Farms-Cir-10514/home/20091124,"Hudson Gateway Multiple Listing Service, Inc.",4619884,Houlihan Lawrence Inc.,N,Y,41.206807,-73.776741,false
MLS Listing,Single Family Residential,1008 King St,Chappaqua,NY,10514,695000,1,1.5,Chappaqua,1052,43124,1904,0,,76,Active,,,,,695000,2011-05-09,401600,http://www.redfin.com/NY/Chappaqua/1008-King-St-10514/home/20098091,"Hudson Gateway Multiple Listing Service, Inc.",4620098,Elite Properties,N,Y,41.132743,-73.749311,false
MLS Listing,Single Family Residential,85 W Orchard Rd,Chappaqua,NY,10514,1395000,4,3,Chappaqua,5714,202554,1990,2,Garage,77,Active,,,,2016-06-08,1495000,2015-06-10,725000,http://www.redfin.com/NY/Chappaqua/85-W-Orchard-Rd-10514/home/20093971,"Hudson Gateway Multiple Listing Service, Inc.",4617378,Douglas Elliman Real Estate,N,Y,41.196416,-73.789807,false
MLS Listing,Single Family Residential,254 Hamilton Rd,Chappaqua,NY,10514,2199000,5,4.5,Chappaqua,3842,61332,1927,2,Garage,77,Active,,,,,2199000,1998-10-19,860000,http://www.redfin.com/NY/Chappaqua/254-Hamilton-Rd-10514/home/20031598,"Hudson Gateway Multiple Listing Service, Inc.",4619196,Houlihan Lawrence Inc.,N,Y,41.157721,-73.780319,false
MLS Listing,Single Family Residential,1 Meadow Hill Way,Chappaqua,NY,10514,4995000,7,8,Chappaqua,7700,161172,2016,3,Garage,77,Active,,,,,4995000,2004-01-07,1050000,http://www.redfin.com/NY/Chappaqua/1-Meadow-Ln-10514/home/20087277,"Hudson Gateway Multiple Listing Service, Inc.",4620384,Houlihan Lawrence Inc.,N,Y,41.1650769,-73.779669,false
MLS Listing,Single Family Residential,10 Hayrake,Chappaqua,NY,10514,1795000,5,4.5,Chappaqua,3540,55974,1960,2,Garage,80,Active,,,,,1750000,2002-08-28,1250000,http://www.redfin.com/NY/Chappaqua/10-Hayrake-Ln-10514/home/20092588,"Hudson Gateway Multiple Listing Service, Inc.",4620572,Housepad LLP,N,Y,41.1848218,-73.7706131,false
MLS Listing,Single Family Residential,30 Hemlock Hls (Unable to map),Chappaqua,NY,10514,4295000,6,7,Chappaqua,6448,439084,1938,3,Garage,80,Active,,,,,4295000,,,http://www.redfin.com/NY/Chappaqua/30-HEMLOCK-HLS-Unknown/home/20092565,"Hudson Gateway Multiple Listing Service, Inc.",4620363,Houlihan Lawrence Inc.,N,Y,,,false
MLS Listing,Single Family Residential,11 Longview Ln,Chappaqua,NY,10514,899000,4,2.5,Chappaqua,2484,87869,1969,2,Garage,81,Active,,,,,899000,,,http://www.redfin.com/NY/Chappaqua/11-Longview-Ln-10514/home/20094215,"Hudson Gateway Multiple Listing Service, Inc.",4528870,"William Raveis-New York, LLC",N,Y,41.2038889,-73.760974,false
MLS Listing,Single Family Residential,18 Pebblebrook Way,Chappaqua,NY,10514,1399000,4,3.5,Chappaqua,5896,101059,2000,2,Garage,81,Active,,,,,1399000,2001-08-06,903580,http://www.redfin.com/NY/Chappaqua/18-Pebblebrook-Way-10514/home/20029541,"Hudson Gateway Multiple Listing Service, Inc.",4613443,Douglas Elliman Real Estate,N,Y,41.156246,-73.797543,false
MLS Listing,Single Family Residential,773 King St,Chappaqua,NY,10514,1850000,3,3,Chappaqua,3741,240015,2001,3,Garage,83,Active,,,,,1850000,2006-07-25,2350000,http://www.redfin.com/NY/Chappaqua/773-King-St-10514/home/20088709,"Hudson Gateway Multiple Listing Service, Inc.",4619680,William Raveis Real Estate,N,Y,41.143516,-73.749354,false
MLS Listing,Single Family Residential,15 Turner Drive South,Chappaqua,NY,10514,1050000,4,3,Chappaqua,3225,55756,1956,2,Garage,84,Active,,,,2016-06-13,1100000,2008-08-28,1150000,http://www.redfin.com/NY/Chappaqua/15-Turner-Dr-S-10514/home/20093055,"Hudson Gateway Multiple Listing Service, Inc.",4618512,Houlihan Lawrence Inc.,N,Y,41.196175,-73.772668,false
MLS Listing,Single Family Residential,64 Cabin Ridge Rd,Chappaqua,NY,10514,559900,3,3,Chappaqua,1748,103672,1937,0,,84,Active,,,,2016-07-07,575000,2007-06-26,72000,http://www.redfin.com/NY/Chappaqua/64-Cabin-Ridge-Rd-10514/home/19994064,"Hudson Gateway Multiple Listing Service, Inc.",4618121,Coldwell Banker Res Brokerage,N,Y,41.179605,-73.805865,false
MLS Listing,Single Family Residential,414 Roaring Brook Rd,Chappaqua,NY,10514,939000,3,2.5,Chappaqua,3581,48787,1956,2,Garage,87,Active,,,,2016-05-20,995000,,,http://www.redfin.com/NY/Chappaqua/414-Roaring-Brook-Rd-10514/home/20090529,"Hudson Gateway Multiple Listing Service, Inc.",4616809,Berkshire Hathaway HS West. Pr,N,Y,41.180756,-73.773043,false
MLS Listing,Single Family Residential,780 King St,Chappaqua,NY,10514,2695000,7,7,Chappaqua,7223,421573,1929,3,Garage,89,Active,,,,,2695000,,,http://www.redfin.com/NY/Chappaqua/780-King-St-10514/home/20088693,"Hudson Gateway Multiple Listing Service, Inc.",4618339,Houlihan Lawrence Inc.,N,Y,41.141706,-73.751727,false
MLS Listing,Single Family Residential,159 Campfire Rd,Chappaqua,NY,10514,2995000,6,5.5,Chappaqua,6267,993168,1955,1,,90,Active,,,,,2995000,2000-07-10,2050000,http://www.redfin.com/NY/Chappaqua/159-Campfire-Rd-10514/home/20091078,"Hudson Gateway Multiple Listing Service, Inc.",4617010,"The Relocation Group, LLC",N,Y,41.17684,-73.803251,false
MLS Listing,Single Family Residential,90 Devoe Rd,Chappaqua,NY,10514,749000,4,2,Chappaqua,1950,48787,1957,2,Garage,91,Active,,,,2016-06-24,789000,,,http://www.redfin.com/NY/Chappaqua/90-Devoe-Rd-10514/home/20089136,"Hudson Gateway Multiple Listing Service, Inc.",4617599,"William Raveis-New York, LLC",N,Y,41.16038,-73.754741,false
MLS Listing,Single Family Residential,313 King St,Chappaqua,NY,10514,675000,3,3.5,Chappaqua,1725,8276,1850,2,Garage,94,Active,,,,2016-07-01,699900,,,http://www.redfin.com/NY/Chappaqua/313-King-St-10514/home/20089389,"Hudson Gateway Multiple Listing Service, Inc.",4617829,Berkshire Hathaway HS West. Pr,N,Y,41.161198,-73.767538,false
MLS Listing,Single Family Residential,718 King St,Chappaqua,NY,10514,4195000,4,7,Chappaqua,9282,91476,1938,2,Garage,103,Active,,,,,4195000,1997-06-15,825000,http://www.redfin.com/NY/Chappaqua/718-King-St-10514/home/20089309,"Hudson Gateway Multiple Listing Service, Inc.",4613553,Renwick Sothebys Int'l Realty,N,Y,41.150151,-73.754551,false
MLS Listing,Single Family Residential,851 Hardscrabble Rd,Chappaqua,NY,10514,754000,4,3.5,Chappaqua,2473,37897,1928,2,Garage,103,Active,,,,2016-07-21,769500,1999-03-17,475000,http://www.redfin.com/NY/Chappaqua/851-Hardscrabble-Rd-10514/home/20101379,"Hudson Gateway Multiple Listing Service, Inc.",4614860,RE/MAX Ace Realty,N,Y,41.160697,-73.7908719,false
MLS Listing,Single Family Residential,28 Maple Ave,Chappaqua,NY,10514,475000,3,1,Chappaqua,1425,4791,1889,1,Garage,105,Active,,,,2016-05-19,499000,2013-09-26,485000,http://www.redfin.com/NY/Chappaqua/28-Maple-Ave-10514/home/20086082,"Hudson Gateway Multiple Listing Service, Inc.",4615313,BHG Rand Realty,N,Y,41.161112,-73.770205,false
MLS Listing,Single Family Residential,80 Valley Vw,Chappaqua,NY,10514,879000,4,3.5,Chappaqua,3032,43560,1974,2,Garage,108,Active,,,,2016-04-28,939000,,,http://www.redfin.com/NY/Chappaqua/80-Valley-View-Rd-10514/home/20092722,"Hudson Gateway Multiple Listing Service, Inc.",4609977,Houlihan Lawrence Inc.,N,Y,41.175118,-73.781846,false
MLS Listing,Single Family Residential,14 Neustadt Ln,Chappaqua,NY,10514,749000,4,2.5,Chappaqua,3077,119790,1977,2,Garage,109,Active,,,,2016-06-16,849000,2002-09-20,855000,http://www.redfin.com/NY/Chappaqua/14-Neustadt-Ln-10514/home/20089481,"Hudson Gateway Multiple Listing Service, Inc.",4614475,"William Raveis-New York, LLC",N,Y,41.14867,-73.761137,false
MLS Listing,Single Family Residential,290 Quaker Rd,Chappaqua,NY,10514,768000,4,2.5,Chappaqua,2552,30300,1960,1,Garage,115,Active,,,,2016-07-06,818000,1998-08-07,420000,http://www.redfin.com/NY/Chappaqua/290-Quaker-Rd-10514/home/39986404,"Hudson Gateway Multiple Listing Service, Inc.",4612879,Houlihan Lawrence Inc.,N,Y,41.164585,-73.77855,false
MLS Listing,Single Family Residential,48 Longview Ln,Chappaqua,NY,10514,1499000,3,3.5,Chappaqua,4261,457118,1985,3,Garage,115,Active,,,,2016-06-01,1599000,,,http://www.redfin.com/NY/Chappaqua/48-Longview-Ln-10514/home/20093350,"Hudson Gateway Multiple Listing Service, Inc.",4609774,Houlihan Lawrence Inc.,N,Y,41.202732,-73.756832,false
MLS Listing,Single Family Residential,12 Brook Ln,Chappaqua,NY,10514,545000,3,2,Chappaqua,1390,13503,1940,1,Garage,115,Active,,,,2016-07-03,599000,2002-07-19,451000,http://www.redfin.com/NY/Chappaqua/12-Brook-Ln-10514/home/20087730,"Hudson Gateway Multiple Listing Service, Inc.",4600529,Houlihan Lawrence Inc.,N,Y,41.1551029,-73.766246,false
MLS Listing,Single Family Residential,711 Quaker Rd,Chappaqua,NY,10514,1249000,5,3.5,Chappaqua,3957,75123,1850,2,Garage,117,Active,,,,2016-05-05,1295000,,,http://www.redfin.com/NY/Chappaqua/711-Quaker-Rd-10514/home/20090788,"Hudson Gateway Multiple Listing Service, Inc.",4608243,"William Raveis-New York, LLC",N,Y,41.188918,-73.78483,false
MLS Listing,Single Family Residential,1177 Hardscrabble Rd,Chappaqua,NY,10514,1049000,4,3.5,Chappaqua,3560,47916,1822,1,Garage,119,Active,,,,2016-07-24,1095000,,,http://www.redfin.com/NY/Chappaqua/1177-Hardscrabble-Rd-10514/home/20092413,"Hudson Gateway Multiple Listing Service, Inc.",4612435,Douglas Elliman Real Estate,N,Y,41.179943,-73.785789,false
MLS Listing,Single Family Residential,2 Meadow Hill Way,Chappaqua,NY,10514,3995000,6,5,Chappaqua,6000,230414,2016,3,Garage,123,Active,,,,,3995000,2006-12-26,909500,http://www.redfin.com/NY/Chappaqua/2-Meadow-Ln-10514/home/20087661,"Hudson Gateway Multiple Listing Service, Inc.",4612323,Houlihan Lawrence Inc.,N,Y,41.16571,-73.77923,false
MLS Listing,Single Family Residential,34 Ludlow Dr,Chappaqua,NY,10514,1525000,4,4.5,Chappaqua,4057,77972,1935,2,Garage,129,Active,,,,2016-05-25,1600000,2013-02-25,364000,http://www.redfin.com/NY/Chappaqua/34-Ludlow-Dr-10514/home/20094450,"Hudson Gateway Multiple Listing Service, Inc.",4608518,Houlihan Lawrence Inc.,N,Y,41.198191,-73.769738,false
MLS Listing,Single Family Residential,380 Whippoorwill Rd,Chappaqua,NY,10514,450000,3,1,Chappaqua,820,99752,1927,1,Garage,129,Active,,,,,450000,,,http://www.redfin.com/NY/Chappaqua/380-Whippoorwill-Rd-10514/home/20089670,"Hudson Gateway Multiple Listing Service, Inc.",4611544,Coldwell Banker Res Brokerage,N,Y,41.166276,-73.7437099,false
MLS Listing,Single Family Residential,51 Granite Ct,Chappaqua,NY,10514,1999500,5,4,Chappaqua,5374,50843,1901,0,,130,Active,,,,,1999500,2008-05-09,1450000,http://www.redfin.com/NY/Chappaqua/51-Granite-Ct-10514/home/20032121,"Hudson Gateway Multiple Listing Service, Inc.",4610362,Nest Seekers Westchester LLC,N,Y,41.189542,-73.791516,false
MLS Listing,Single Family Residential,715 King St,Chappaqua,NY,10514,2600000,7,7,Chappaqua,8699,271378,2001,2,Garage,130,Active,,,,,2600000,2000-08-03,1610000,http://www.redfin.com/NY/Chappaqua/715-King-St-10514/home/20085764,"Hudson Gateway Multiple Listing Service, Inc.",4609285,"William Raveis-New York, LLC",N,Y,41.148396,-73.75107,false
MLS Listing,Single Family Residential,94 Haights Cross Rd,Chappaqua,NY,10514,2475000,4,5.5,Chappaqua,5579,227818,1994,3,Garage,133,Active,,,,,2475000,,,http://www.redfin.com/NY/Chappaqua/94-Haights-Cross-Rd-10514/home/20031594,"Hudson Gateway Multiple Listing Service, Inc.",4610305,Houlihan Lawrence Inc.,N,Y,41.159672,-73.744934,false
MLS Listing,Single Family Residential,Lot 1 65 Leroy Rd,Chappaqua,NY,10514,2295000,4,5.5,Chappaqua,6100,41817,2016,3,Garage,133,Active,,,,,2295000,,,http://www.redfin.com/NY/Chappaqua/65-Leroy-Rd-10514/home/104200744,"Hudson Gateway Multiple Listing Service, Inc.",4607623,Houlihan Lawrence Inc.,N,Y,41.1579791,-73.7846117,false
MLS Listing,Single Family Residential,98 N Old Farm Rd,Chappaqua,NY,10514,1450000,4,4.5,Chappaqua,5800,62290,1995,3,Garage,137,Active,,,,,1350000,2003-08-18,1450000,http://www.redfin.com/NY/Chappaqua/98-Old-Farm-Rd-N-10514/home/19996435,"Hudson Gateway Multiple Listing Service, Inc.",4609720,"William Raveis-New York, LLC",N,Y,41.144862,-73.768805,false
MLS Listing,Single Family Residential,35 Ivy Hill Rd,Chappaqua,NY,10514,3169000,5,4.5,Chappaqua,6000,119790,1942,3,Garage,139,Active,,,,,3169000,2015-10-15,1250000,http://www.redfin.com/NY/Chappaqua/35-Ivy-Hill-Rd-10514/home/20087324,"Hudson Gateway Multiple Listing Service, Inc.",4609594,William Raveis-New York LLC,N,Y,41.173571,-73.7459329,false
MLS Listing,Single Family Residential,735 King St,Chappaqua,NY,10514,1495000,4,3,Chappaqua,4311,91706,1906,2,Garage,140,Active,,,,2016-06-03,1549000,2010-09-01,915000,http://www.redfin.com/NY/Chappaqua/735-King-St-10514/home/20088732,"Hudson Gateway Multiple Listing Service, Inc.",4609016,"William Raveis-New York, LLC",N,Y,41.147611,-73.752465,false
MLS Listing,Single Family Residential,50 Haights Cross Rd,Chappaqua,NY,10514,1439000,4,2,Chappaqua,2457,293594,1960,1,,140,Active,,,,,1439000,,,http://www.redfin.com/NY/Chappaqua/50-Haights-Cross-Rd-10514/home/20088739,"Hudson Gateway Multiple Listing Service, Inc.",4604135,Houlihan Lawrence Inc.,N,Y,41.153787,-73.746061,false
MLS Listing,Single Family Residential,68 Random Farms Dr,Chappaqua,NY,10514,1249999,5,5.5,Chappaqua,7834,73838,1990,2,Garage,142,Active,,,,2016-05-30,1335000,,,http://www.redfin.com/NY/Chappaqua/68-Random-Farms-Dr-10514/home/20094465,"Hudson Gateway Multiple Listing Service, Inc.",4608817,"William Raveis-New York, LLC",N,Y,41.2027069,-73.7804419,false
MLS Listing,Single Family Residential,41 Stornowaye St,Chappaqua,NY,10514,1299000,4,3.5,Chappaqua,4092,99804,1969,2,Garage,143,Active,,,,2016-06-09,1369000,,,http://www.redfin.com/NY/Chappaqua/41-Stornowaye-St-10514/home/20086100,"Hudson Gateway Multiple Listing Service, Inc.",4607788,Houlihan Lawrence Inc.,N,Y,41.164527,-73.747206,false
MLS Listing,Single Family Residential,118 Hardscrabble Lake Dr,Chappaqua,NY,10514,1949000,4,4.5,Chappaqua,6515,74052,1996,3,Garage,151,Active,,,,,1949000,2009-08-20,1975000,http://www.redfin.com/NY/Chappaqua/118-Hardscrabble-Lake-Dr-10514/home/19996434,"Hudson Gateway Multiple Listing Service, Inc.",4602904,"William Raveis-New York, LLC",N,Y,41.151131,-73.79492,false
MLS Listing,Single Family Residential,391 Bedford Rd,Chappaqua,NY,10514,885000,4,3,Chappaqua,3124,85813,1969,2,Garage,158,Active,,,,2016-04-29,929000,1999-08-24,490000,http://www.redfin.com/NY/Chappaqua/391-Bedford-Rd-10514/home/20089723,"Hudson Gateway Multiple Listing Service, Inc.",4605556,Houlihan Lawrence Inc.,N,Y,41.169875,-73.756345,false
MLS Listing,Single Family Residential,188 Orchard Ridge Rd,Chappaqua,NY,10514,1249000,7,5.5,Chappaqua,5611,131115,1897,3,Garage,168,Active,,,,2016-04-25,1350000,,,http://www.redfin.com/NY/Chappaqua/188-Orchard-Ridge-Rd-10514/home/20090063,"Hudson Gateway Multiple Listing Service, Inc.",4554015,Douglas Elliman Real Estate,N,Y,41.165841,-73.762791,false
MLS Listing,Single Family Residential,56 Annandale Dr,Chappaqua,NY,10514,1395000,4,4.5,Chappaqua,4543,60983,2006,3,Garage,175,Active,,,,,1395000,1998-03-06,455000,http://www.redfin.com/NY/Chappaqua/56-Annandale-Rd-10514/home/20090280,"Hudson Gateway Multiple Listing Service, Inc.",4603794,Douglas Elliman Real Estate,N,Y,41.1796549,-73.741846,false
MLS Listing,Single Family Residential,5 Berol Close,Chappaqua,NY,10514,1339000,4,3,Chappaqua,2808,54885,1981,2,Garage,181,Active,,,,2016-04-19,1395000,2011-09-23,867500,http://www.redfin.com/NY/Chappaqua/5-Berol-Close-10514/home/20089298,"Hudson Gateway Multiple Listing Service, Inc.",4602809,"William Raveis-New York, LLC",N,Y,41.160957,-73.7423139,false
MLS Listing,Single Family Residential,42 Seven Bridges Rd,Chappaqua,NY,10514,1575000,5,3.5,Chappaqua,3541,91476,1785,0,,181,Active,,,,2016-05-23,1650000,,,http://www.redfin.com/NY/Chappaqua/42-Seven-Bridges-Rd-10514/home/20090782,"Hudson Gateway Multiple Listing Service, Inc.",4554288,"William Raveis-New York, LLC",N,Y,41.189329,-73.772344,false
MLS Listing,Single Family Residential,41 Pond Hill Rd,Chappaqua,NY,10514,4500000,7,9,Chappaqua,7800,471319,2001,3,Garage,182,Active,,,,,4500000,,,http://www.redfin.com/NY/Chappaqua/41-Pond-Hill-Rd-10514/home/20087972,"Hudson Gateway Multiple Listing Service, Inc.",4602823,Houlihan Lawrence Inc.,N,Y,41.170341,-73.7838,false
MLS Listing,Vacant Land,70 Leroy Rd,Chappaqua,NY,10514,589000,,,Chappaqua,,46609,,0,,182,Active,,,,,589000,,,http://www.redfin.com/NY/Chappaqua/70-Leroy-Rd-10514/home/39986107,"Hudson Gateway Multiple Listing Service, Inc.",4603125,BHG Rand Realty,N,Y,41.1576669,-73.7853379,false
MLS Listing,Single Family Residential,10 Overlook Dr,Chappaqua,NY,10514,1295000,5,6,Chappaqua,5717,133293,1929,3,Garage,182,Active,,,,,1295000,,,http://www.redfin.com/NY/Chappaqua/10-Overlook-Dr-10514/home/20086016,"Hudson Gateway Multiple Listing Service, Inc.",4602697,Houlihan Lawrence Inc.,N,Y,41.168534,-73.757222,false
MLS Listing,Single Family Residential,4 Tanglewild Pl,Chappaqua,NY,10514,737222,4,2.5,Chappaqua,2941,87120,1972,2,Garage,194,Active,,,,2016-07-18,999222,2005-02-01,999000,http://www.redfin.com/NY/Chappaqua/4-Tanglewild-Pl-10514/home/20088319,"Hudson Gateway Multiple Listing Service, Inc.",4601372,Mark Seiden Real Estate Team,N,Y,41.174058,-73.788478,false
MLS Listing,Single Family Residential,55 Kerry Ln,Chappaqua,NY,10514,2550000,4,5,Chappaqua,7000,92556,2005,3,Garage,199,Active,,,,2016-05-11,2695000,2005-09-23,1695000,http://www.redfin.com/NY/Chappaqua/55-Kerry-Ln-10514/home/20003097,"Hudson Gateway Multiple Listing Service, Inc.",4600573,"William Raveis-New York, LLC",N,Y,41.187378,-73.763555,false
MLS Listing,Single Family Residential,5 Lori Ln,Chappaqua,NY,10514,1175000,4,3.5,Chappaqua,3920,35675,2013,2,Garage,202,Active,,,,2016-02-26,1249000,,,http://www.redfin.com/NY/Chappaqua/5-Lori-Ln-10514/home/23051698,"Hudson Gateway Multiple Listing Service, Inc.",4600279,William Raveis Real Estate,N,Y,41.1670642,-73.7654656,false
MLS Listing,Single Family Residential,102 Old Lyme Rd,Chappaqua,NY,10514,975000,4,3.5,Chappaqua,2909,31363,1980,2,Garage,203,Active,,,,2016-02-13,1050000,2011-01-20,899999,http://www.redfin.com/NY/Chappaqua/102-Old-Lyme-Rd-10514/home/20088752,"Hudson Gateway Multiple Listing Service, Inc.",4545999,North Country Sothebys Int Rlt,N,Y,41.150951,-73.756264,false
MLS Listing,Single Family Residential,3 Point Pl,Chappaqua,NY,10514,1599900,4,3.5,Chappaqua,4500,20255,2016,3,Garage,209,Active,,,,,1599900,2015-05-05,440000,http://www.redfin.com/NY/Chappaqua/3-Chappaqua-Rd-10514/home/20085880,"Hudson Gateway Multiple Listing Service, Inc.",4554317,Houlihan Lawrence Inc.,N,Y,41.1610271,-73.7643267,false
MLS Listing,Single Family Residential,8 Point Pl,Chappaqua,NY,10514,1290900,4,2.5,Chappaqua,3200,24480,2016,2,Garage,221,Active,,,,,1290900,2004-05-21,270000,http://www.redfin.com/NY/Chappaqua/8-Chappaqua-Mountain-Rd-10514/home/39805795,"Hudson Gateway Multiple Listing Service, Inc.",4553738,Houlihan Lawrence Inc.,N,Y,41.1707595,-73.7758317,false
MLS Listing,Single Family Residential,6 Point Pl,Chappaqua,NY,10514,1180900,4,2.5,Chappaqua,2700,20081,2016,2,Garage,221,Active,,,,,1180900,2006-10-12,829000,http://www.redfin.com/NY/Chappaqua/6-Chappaqua-Mountain-Rd-10514/home/19998430,"Hudson Gateway Multiple Listing Service, Inc.",4553548,Houlihan Lawrence Inc.,N,Y,41.170309,-73.775692,false
MLS Listing,Single Family Residential,4 Point Pl,Chappaqua,NY,10514,999900,4,2.5,Chappaqua,2400,20168,2016,2,Garage,222,Active,,,,,999900,,,http://www.redfin.com/NY/Chappaqua/4-Chappaqua-Mountain-Rd-10514/home/20085996,"Hudson Gateway Multiple Listing Service, Inc.",4553610,Houlihan Lawrence Inc.,N,Y,41.1702038,-73.7768574,false
MLS Listing,Single Family Residential,3 Evergreen Ln,Chappaqua,NY,10514,799900,5,4,Chappaqua,3298,25656,1953,2,Garage,244,Active,,,,2015-12-14,825000,2000-04-12,479000,http://www.redfin.com/NY/Chappaqua/3-Evergreen-Ln-10514/home/20089368,"Hudson Gateway Multiple Listing Service, Inc.",4551603,Houlihan Lawrence Inc.,N,Y,41.164043,-73.762065,false
MLS Listing,Single Family Residential,35 Buttonhook Rd,Chappaqua,NY,10514,649000,4,2.5,Chappaqua,2232,126324,1960,2,Garage,269,Active,,,,2016-07-11,725000,,,http://www.redfin.com/NY/Chappaqua/35-Buttonhook-Rd-10514/home/20090766,"Hudson Gateway Multiple Listing Service, Inc.",4548484,Houlihan Lawrence Inc.,N,Y,41.197641,-73.766795,false
MLS Listing,Single Family Residential,76 Kerry Ln,Chappaqua,NY,10514,1399000,4,5,Chappaqua,3760,262666,1954,2,Garage,284,Active,,,,2016-05-12,1650000,,,http://www.redfin.com/NY/Chappaqua/76-Kerry-Ln-10514/home/20090749,"Hudson Gateway Multiple Listing Service, Inc.",4546334,North Country Sothebys Int Rlt,N,Y,41.189976,-73.76117,false
MLS Listing,Condo/Coop,150 N Bedford Rd Unit 3C,Chappaqua,NY,10514,414900,1,1,Chappaqua,1040,435,1987,1,Garage,294,Active,,,,2016-05-10,429000,2005-09-20,412000,http://www.redfin.com/NY/Chappaqua/150-S-Bedford-Rd-10514/unit-3C/home/101612594,"Hudson Gateway Multiple Listing Service, Inc.",4545170,Houlihan Lawrence Inc.,N,Y,41.156063,-73.767428,false
MLS Listing,Single Family Residential,46 Carolyn Pl,Chappaqua,NY,10514,2295000,5,6.5,Chappaqua,7705,99007,1993,3,Garage,304,Active,,,,2016-06-09,2599000,,,http://www.redfin.com/NY/Chappaqua/46-Carolyn-Pl-10514/home/20086428,"Hudson Gateway Multiple Listing Service, Inc.",4542544,"William Raveis-New York, LLC",N,Y,41.148988,-73.733577,false
MLS Listing,Single Family Residential,1286 Hardscrabble Rd,Chappaqua,NY,10514,2999000,5,6,Chappaqua,8224,184694,2000,3,Garage,305,Active,,,,2016-06-06,3695000,1999-10-15,1250000,http://www.redfin.com/NY/Chappaqua/1286-Hardscrabble-Rd-10514/home/20090713,"Hudson Gateway Multiple Listing Service, Inc.",4543155,Houlihan Lawrence Inc.,N,Y,41.187278,-73.785393,false
MLS Listing,Single Family Residential,651 King St,Chappaqua,NY,10514,3245000,5,5.5,Chappaqua,6577,103672,2015,3,Garage,383,Active,,,,,3245000,,,http://www.redfin.com/NY/Chappaqua/651-King-St-10514/home/104494711,"Hudson Gateway Multiple Listing Service, Inc.",4517077,Houlihan Lawrence Inc.,N,Y,41.1550253,-73.7565258,false
MLS Listing,Single Family Residential,48 Haights Cross Rd,Chappaqua,NY,10514,13750000,6,8.5,Chappaqua,19306,3775780,2004,4,Garage,481,Active,,,,2016-06-06,17900000,,,http://www.redfin.com/NY/Chappaqua/48-Haights-Cross-Rd-10514/home/20011806,"Hudson Gateway Multiple Listing Service, Inc.",4511892,Houlihan Lawrence Inc.,N,Y,41.152357,-73.7471319,false
MLS Listing,Single Family Residential,21 Kitchawan Dr,Chappaqua,NY,10514,925000,4,2.5,Chappaqua,3848,52272,1922,3,Garage,518,Active,,,,2016-03-28,1039000,2001-07-19,769000,http://www.redfin.com/NY/Chappaqua/21-Kitchawan-Dr-10514/home/20087792,"Hudson Gateway Multiple Listing Service, Inc.",4504376,Douglas Elliman Real Estate,N,Y,41.164809,-73.758506,false
MLS Listing,Single Family Residential,275 Bedford Rd,Chappaqua,NY,10514,4275000,7,6.5,Chappaqua,9774,315374,1775,2,Garage,538,Active,,,,2016-06-06,6200000,1997-01-31,1625000,http://www.redfin.com/NY/Chappaqua/275-Bedford-Rd-10514/home/20086003,"Hudson Gateway Multiple Listing Service, Inc.",4446771,Houlihan Lawrence Inc.,N,Y,41.164146,-73.7601059,false
MLS Listing,Single Family Residential,655 King St,Chappaqua,NY,10514,2995000,6,5.5,Chappaqua,6735,87120,2015,3,Garage,581,Active,,,,,2995000,,,http://www.redfin.com/NY/Chappaqua/655-King-St-10514/home/61479622,"Hudson Gateway Multiple Listing Service, Inc.",4445387,Houlihan Lawrence Inc.,N,Y,41.1550065,-73.7564785,false
,,,,,,,,,,,,,,,,,,,,,,,,,,,,,,,,